{"H. sapiens": {"A": {"GCA": 0.2281212631716276, "GCC": 0.39978112134364696, "GCT": 0.26592161421413735, "GCG": 0.10617600127058811}, "C": {"TGC": 0.5438426694963316, "TGT": 0.45615733050366836}, "E": {"GAG": 0.5775473371963838, "GAA": 0.42245266280361615}, "D": {"GAT": 0.4645424191930427, "GAC": 0.5354575808069573}, "G": {"GGT": 0.1630865131632947, "GGG": 0.24988247724535617, "GGA": 0.24992165149690412, "GGC": 0.33710935809444503}, "F": {"TTC": 0.5358657301217032, "TTT": 0.4641342698782968}, "I": {"ATT": 0.36107219301206106, "ATC": 0.4698662895003286, "ATA": 0.16906151748761036}, "H": {"CAC": 0.5814847871566309, "CAT": 0.4185152128433691}, "K": {"AAG": 0.5659506488979285, "AAA": 0.43404935110207155}, "*": {"TAG": 0.23673791389873997, "TGA": 0.46624296805302623, "TAA": 0.29701911804823383}, "M": {"ATG": 1.0}, "L": {"CTT": 0.13171591206484023, "CTG": 0.39570159041596514, "CTA": 0.0713801723134756, "CTC": 0.1955768259144855, "TTA": 0.07656764558436285, "TTG": 0.1290578537068707}, "N": {"AAT": 0.4703669907468028, "AAC": 0.5296330092531971}, "Q": {"CAA": 0.26501675921017337, "CAG": 0.7349832407898266}, "P": {"CCT": 0.2867313296570278, "CCG": 0.11319574457649788, "CCA": 0.2766025276376192, "CCC": 0.3234703981288551}, "S": {"TCT": 0.18758584014344437, "AGC": 0.23993794345056002, "TCG": 0.05439771371883908, "AGT": 0.14960182300967595, "TCC": 0.21795953165920925, "TCA": 0.15051714801827132}, "R": {"CGA": 0.1088124833207855, "CGC": 0.18377662978978224, "AGA": 0.21465774794262568, "AGG": 0.21109127083138968, "CGG": 0.20155434006721587, "CGT": 0.08010752804820104}, "T": {"ACC": 0.35523154074391966, "ACA": 0.28418772983891855, "ACG": 0.11381188540055791, "ACT": 0.2467688440166039}, "W": {"TGG": 1.0}, "V": {"GTA": 0.11657741053350681, "GTC": 0.23830637956135173, "GTT": 0.18177011180348712, "GTG": 0.46334609810165434}, "Y": {"TAT": 0.443338109266921, "TAC": 0.5566618907330789}}, "S. cerevisiae": {"A": {"GCA": 0.2885964744960938, "GCC": 0.22441638986002077, "GCT": 0.3770147391023562, "GCG": 0.10997239654152917}, "C": {"TGC": 0.3701873854139384, "TGT": 0.6298126145860615}, "E": {"GAG": 0.29673961020721756, "GAA": 0.7032603897927825}, "D": {"GAT": 0.6503790155392399, "GAC": 0.34962098446076006}, "G": {"GGT": 0.4722176008130991, "GGG": 0.11905791818795053, "GGA": 0.21542286901783797, "GGC": 0.1933016119811124}, "F": {"TTC": 0.4138733961590241, "TTT": 0.5861266038409759}, "I": {"ATT": 0.4629258234330144, "ATC": 0.26374308466741747, "ATA": 0.2733310918995681}, "H": {"CAC": 0.36328974476364884, "CAT": 0.6367102552363512}, "K": {"AAG": 0.42393663719869723, "AAA": 0.5760633628013028}, "*": {"TAG": 0.2257360959651036, "TGA": 0.30309432933478736, "TAA": 0.47116957470010906}, "M": {"ATG": 1.0}, "L": {"CTT": 0.12911506294028774, "CTG": 0.1104401708505928, "CTA": 0.14127744517414798, "CTC": 0.05731298906304671, "TTA": 0.27553447244477913, "TTG": 0.28631985952714567}, "N": {"AAT": 0.5897051271997835, "AAC": 0.41029487280021654}, "Q": {"CAA": 0.692581166560465, "CAG": 0.30741883343953497}, "P": {"CCT": 0.3077403158885673, "CCG": 0.12062689585439838, "CCA": 0.4171437537045431, "CCC": 0.1544890345524912}, "S": {"TCT": 0.2644566185195582, "AGC": 0.10974922974385647, "TCG": 0.09635908661140685, "AGT": 0.15924539869904641, "TCC": 0.16003244634040067, "TCA": 0.21015722008573137}, "R": {"CGA": 0.06767289244362033, "CGC": 0.058785679444557835, "AGA": 0.48113759093912484, "AGG": 0.20856410451556215, "CGG": 0.03926771302154864, "CGT": 0.14457201963558622}, "T": {"ACC": 0.21676505374383234, "ACA": 0.3024139134784217, "ACG": 0.13558399199704058, "ACT": 0.3452370407807054}, "W": {"TGG": 1.0}, "V": {"GTA": 0.20878318596079837, "GTC": 0.2088374668208243, "GTT": 0.39148170463612825, "GTG": 0.19089764258224906}, "Y": {"TAT": 0.5595739636337108, "TAC": 0.44042603636628913}}, "E. coli": {"A": {"GCA": 0.20689655172413793, "GCC": 0.3103448275862069, "GCT": 0.1053639846743295, "GCG": 0.3773946360153257}, "C": {"TGC": 0.5774647887323944, "TGT": 0.4225352112676056}, "E": {"GAG": 0.29559748427672955, "GAA": 0.7044025157232704}, "D": {"GAT": 0.6488294314381271, "GAC": 0.3511705685618729}, "G": {"GGT": 0.29380053908355797, "GGG": 0.11859838274932614, "GGA": 0.12668463611859837, "GGC": 0.4609164420485175}, "F": {"TTC": 0.43258426966292135, "TTT": 0.5674157303370787}, "I": {"ATT": 0.582089552238806, "ATC": 0.34701492537313433, "ATA": 0.0708955223880597}, "H": {"CAC": 0.4527027027027027, "CAT": 0.5472972972972973}, "K": {"AAG": 0.2672413793103448, "AAA": 0.7327586206896551}, "*": {"TAG": 0.0, "TGA": 0.35714285714285715, "TAA": 0.6428571428571429}, "M": {"ATG": 1.0}, "L": {"CTT": 0.11708253358925144, "CTG": 0.46065259117082535, "CTA": 0.05182341650671785, "CTC": 0.1036468330134357, "TTA": 0.14971209213051823, "TTG": 0.11708253358925144}, "N": {"AAT": 0.47257383966244726, "AAC": 0.5274261603375527}, "Q": {"CAA": 0.30392156862745096, "CAG": 0.696078431372549}, "P": {"CCT": 0.17408906882591094, "CCG": 0.5546558704453441, "CCA": 0.13765182186234817, "CCC": 0.13360323886639677}, "S": {"TCT": 0.11153846153846154, "AGC": 0.3269230769230769, "TCG": 0.1576923076923077, "AGT": 0.1423076923076923, "TCC": 0.1076923076923077, "TCA": 0.15384615384615385}, "R": {"CGA": 0.07357859531772576, "CGC": 0.44481605351170567, "AGA": 0.023411371237458192, "AGG": 0.026755852842809364, "CGG": 0.07023411371237458, "CGT": 0.3612040133779264}, "T": {"ACC": 0.468, "ACA": 0.132, "ACG": 0.236, "ACT": 0.164}, "W": {"TGG": 1.0}, "V": {"GTA": 0.17352941176470588, "GTC": 0.17647058823529413, "GTT": 0.2529411764705882, "GTG": 0.39705882352941174}, "Y": {"TAT": 0.5341614906832298, "TAC": 0.4658385093167702}}, "P. pastoris": {"A": {"GCA": 0.2343064300705972, "GCC": 0.2572028238885709, "GCT": 0.44857851555046746, "GCG": 0.05991223049036443}, "C": {"TGC": 0.3625254582484725, "TGT": 0.6374745417515275}, "E": {"GAG": 0.4367943734962058, "GAA": 0.5632056265037942}, "D": {"GAT": 0.5795681727309077, "GAC": 0.42043182726909234}, "G": {"GGT": 0.4370261162594777, "GGG": 0.09856781802864364, "GGA": 0.32645324347093513, "GGC": 0.13795282224094355}, "F": {"TTC": 0.4604178119846069, "TTT": 0.539582188015393}, "I": {"ATT": 0.5045834994021523, "ATC": 0.3148664806695895, "ATA": 0.18055001992825828}, "H": {"CAC": 0.43429581614614027, "CAT": 0.5657041838538598}, "K": {"AAG": 0.5303995367689636, "AAA": 0.4696004632310365}, "*": {"TAG": 0.29411764705882354, "TGA": 0.19852941176470587, "TAA": 0.5073529411764706}, "M": {"ATG": 1.0}, "L": {"CTT": 0.16474948875255624, "CTG": 0.15529141104294478, "CTA": 0.11157975460122699, "CTC": 0.07924335378323108, "TTA": 0.16168200408997954, "TTG": 0.32745398773006135}, "N": {"AAT": 0.4845458868283405, "AAC": 0.5154541131716596}, "Q": {"CAA": 0.6099646226415094, "CAG": 0.3900353773584906}, "P": {"CCT": 0.3469553450608931, "CCG": 0.08660351826792964, "CCA": 0.4167794316644114, "CCC": 0.1496617050067659}, "S": {"TCT": 0.29161764705882354, "AGC": 0.0913235294117647, "TCG": 0.08794117647058823, "AGT": 0.15, "TCC": 0.1976470588235294, "TCA": 0.1814705882352941}, "R": {"CGA": 0.09970674486803519, "CGC": 0.051319648093841645, "AGA": 0.47917888563049854, "AGG": 0.15806451612903225, "CGG": 0.04633431085043988, "CGT": 0.1653958944281525}, "T": {"ACC": 0.2552128583840139, "ACA": 0.24283231972198088, "ACG": 0.10664639443961772, "ACT": 0.3953084274543875}, "W": {"TGG": 1.0}, "V": {"GTA": 0.15461538461538463, "GTC": 0.2326923076923077, "GTT": 0.4207692307692308, "GTG": 0.19192307692307692}, "Y": {"TAT": 0.4688063469166967, "TAC": 0.5311936530833032}}}